id,first_name,last_name,email,gender,ip_address
1,Kaiser,Battey,kbattey0@soundcloud.com,Male,63.188.19.1
2,Geoffrey,Salatino,gsalatino1@shop-pro.jp,Male,65.179.29.235
3,Carleen,Hutchinson,chutchinson2@cornell.edu,Female,226.193.132.202
4,Bridie,Eldrett,beldrett3@slideshare.net,Female,195.96.108.9
5,Sven,Cyples,scyples4@time.com,Genderqueer,247.163.194.197
6,Latia,Joynt,ljoynt5@zimbio.com,Female,129.232.54.212
7,Sue,Vivash,svivash6@cyberchimps.com,Female,197.36.212.38
8,Pat,McCurlye,pmccurlye7@ucoz.ru,Male,215.91.122.74
9,Ludvig,Zini,lzini8@imdb.com,Male,167.101.42.143
10,Susette,Eykelbosch,seykelbosch9@theglobeandmail.com,Female,240.158.115.240
11,Britt,Akehurst,bakehursta@foxnews.com,Male,16.32.105.67
12,Harwilll,Hutsby,hhutsbyb@columbia.edu,Male,167.250.56.53
13,Beale,Odegaard,bodegaardc@bandcamp.com,Male,98.128.150.177
14,Dixie,Winterbotham,dwinterbothamd@cnet.com,Female,93.5.225.21
15,Rainer,Gynn,rgynne@mapquest.com,Male,151.145.47.26
16,Roosevelt,Duval,rduvalf@cbslocal.com,Male,7.233.152.224
17,Etty,Fley,efleyg@spiegel.de,Genderqueer,13.173.219.122
18,Lemuel,Piche,lpicheh@army.mil,Male,34.120.241.193
19,Filmore,Eldred,feldredi@spiegel.de,Male,89.209.97.184
20,Angeline,Scougal,ascougalj@craigslist.org,Female,23.166.137.119
21,Jania,MacColm,jmaccolmk@amazon.co.uk,Female,24.200.104.254
22,Erma,Grishkov,egrishkovl@newyorker.com,Female,248.10.127.201
23,Reinwald,Jindra,rjindram@webs.com,Polygender,128.57.107.209
24,Cherilyn,Gisborne,cgisbornen@geocities.jp,Female,176.50.213.121
25,Michele,McCombe,mmccombeo@ehow.com,Male,233.3.45.80
26,Nealson,Fidell,nfidellp@fc2.com,Male,138.64.76.203
27,Donnell,Ovize,dovizeq@meetup.com,Male,42.227.232.236
28,Dilly,Lytlle,dlytller@marriott.com,Male,103.117.203.7
29,Lyndsey,Tumilty,ltumiltys@elegantthemes.com,Female,155.231.181.168
30,Kettie,Aickin,kaickint@marriott.com,Female,11.229.71.196
31,Alecia,Gilbert,agilbertu@issuu.com,Female,177.251.231.10
32,Johannah,Scrane,jscranev@ovh.net,Female,97.142.39.161
33,Lani,Bolle,lbollew@toplist.cz,Female,237.141.205.253
34,Enid,Bourdice,ebourdicex@indiatimes.com,Bigender,237.65.15.43
35,Dewey,Bloschke,dbloschkey@flickr.com,Male,83.194.162.171
36,Sauncho,Mottley,smottleyz@google.it,Male,110.123.232.126
37,Barbara,Bonifant,bbonifant10@ow.ly,Female,196.145.109.100
38,Clementius,Bowden,cbowden11@amazon.co.jp,Male,82.55.230.74
39,Cordie,Quadri,cquadri12@csmonitor.com,Male,204.155.116.100
40,Thoma,Boole,tboole13@fotki.com,Male,199.92.24.37
41,Freemon,Walsh,fwalsh14@foxnews.com,Male,174.71.85.253
42,Catha,Ivanchin,civanchin15@tripadvisor.com,Female,191.160.170.131
43,Jeanie,Yvon,jyvon16@bloglovin.com,Female,242.251.214.165
44,Hastie,Shipcott,hshipcott17@netlog.com,Male,1.233.3.50
45,Lanna,Phillput,lphillput18@ow.ly,Female,98.93.172.31
46,Barby,Goane,bgoane19@dion.ne.jp,Female,33.54.68.252
47,Zandra,Ellacott,zellacott1a@tmall.com,Female,113.222.44.93
48,Isaak,Challinor,ichallinor1b@flavors.me,Male,255.25.206.22
49,Dave,Woolley,dwoolley1c@walmart.com,Male,125.8.10.68
50,Celesta,Razoux,crazoux1d@aboutads.info,Female,54.213.209.219
51,Nicki,Benian,nbenian1e@tinyurl.com,Female,120.175.120.199
52,Avivah,Wilsey,awilsey1f@weibo.com,Female,17.95.229.225
53,Ellie,Pigeram,epigeram1g@flickr.com,Female,224.31.146.38
54,Sal,Cardenas,scardenas1h@intel.com,Male,94.148.194.75
55,Ag,Linacre,alinacre1i@reuters.com,Female,173.72.153.132
56,Shoshana,Salliss,ssalliss1j@nifty.com,Female,232.101.247.44
57,Alexandro,Beaman,abeaman1k@army.mil,Male,213.77.154.145
58,Lu,Clemenceau,lclemenceau1l@t.co,Female,36.138.246.116
59,Lind,Opfer,lopfer1m@i2i.jp,Male,253.105.255.246
60,Normand,Tranter,ntranter1n@howstuffworks.com,Male,210.114.48.172
61,Tomi,Dosedale,tdosedale1o@tripadvisor.com,Female,195.57.215.23
62,Katuscha,McCluskey,kmccluskey1p@live.com,Female,105.46.42.47
63,Ogden,Mazonowicz,omazonowicz1q@sogou.com,Non-binary,46.156.228.171
64,Conchita,Ccomini,cccomini1r@over-blog.com,Female,183.93.49.57
65,Gian,Pardey,gpardey1s@examiner.com,Male,26.175.124.175
66,Deeyn,Noblet,dnoblet1t@goodreads.com,Female,31.251.105.122
67,Teodora,Tie,ttie1u@java.com,Female,77.179.19.164
68,Lu,Bedin,lbedin1v@senate.gov,Female,52.154.243.59
69,Judy,Henderson,jhenderson1w@sun.com,Female,49.193.114.218
70,Colline,MacMichael,cmacmichael1x@discovery.com,Female,42.254.88.19
71,Farand,Emloch,femloch1y@nationalgeographic.com,Female,122.172.172.25
72,Ophelia,Domenc,odomenc1z@sohu.com,Female,18.11.35.138
73,Winona,Hedderly,whedderly20@deliciousdays.com,Agender,218.178.150.239
74,Nell,Mongeot,nmongeot21@zimbio.com,Female,72.210.175.144
75,Jarid,Duckham,jduckham22@smugmug.com,Male,28.156.44.119
76,Ulric,Raulin,uraulin23@netvibes.com,Male,188.76.165.168
77,Oona,Deverille,odeverille24@printfriendly.com,Female,62.222.132.165
78,Babbette,Vannet,bvannet25@facebook.com,Female,157.198.101.103
79,Juliana,Paoli,jpaoli26@free.fr,Female,39.72.217.149
80,Arabele,Circuitt,acircuitt27@ycombinator.com,Female,223.39.128.49
81,Welch,McCrystal,wmccrystal28@tripod.com,Male,186.87.184.158
82,Osborne,Syrie,osyrie29@thetimes.co.uk,Male,116.127.136.57
83,Barthel,Rays,brays2a@msu.edu,Male,27.78.114.88
84,Ingelbert,Iozefovich,iiozefovich2b@alexa.com,Male,250.89.216.165
85,Davis,Le Sieur,dlesieur2c@microsoft.com,Male,139.237.232.16
86,Gustie,Kearley,gkearley2d@com.com,Female,172.255.121.113
87,Ronna,Bestar,rbestar2e@icq.com,Female,67.59.249.158
88,Arne,Beardwell,abeardwell2f@home.pl,Male,229.12.129.143
89,Coralie,Archbold,carchbold2g@java.com,Female,18.212.164.95
90,Elnar,Holbarrow,eholbarrow2h@wp.com,Male,64.187.246.226
91,Emmy,Priestley,epriestley2i@jigsy.com,Female,100.191.150.173
92,Fifi,Beldon,fbeldon2j@live.com,Female,139.193.166.237
93,Ileana,Mottinelli,imottinelli2k@phpbb.com,Agender,176.177.231.145
94,Dalton,Matisoff,dmatisoff2l@japanpost.jp,Male,22.212.173.127
95,Pooh,Scrimshire,pscrimshire2m@wiley.com,Male,170.182.213.84
96,Ermengarde,Antonchik,eantonchik2n@g.co,Female,49.155.119.91
97,Ruthanne,Growcott,rgrowcott2o@cnn.com,Female,15.45.19.252
98,Bernice,McPeck,bmcpeck2p@diigo.com,Female,223.43.238.215
99,Donal,Guiness,dguiness2q@ucoz.ru,Male,241.195.14.232
100,Husain,Lazare,hlazare2r@yellowpages.com,Male,68.1.43.9
101,Casie,Androli,candroli2s@adobe.com,Genderfluid,75.21.99.132
102,Mara,Broxton,mbroxton2t@t.co,Female,47.37.178.35
103,Tulley,Oller,toller2u@biglobe.ne.jp,Genderfluid,121.4.213.111
104,Lurlene,Brignall,lbrignall2v@chicagotribune.com,Bigender,35.23.253.198
105,Drugi,Sherborn,dsherborn2w@craigslist.org,Male,244.194.186.207
106,Madge,Garrattley,mgarrattley2x@shutterfly.com,Female,172.202.122.110
107,Ailsun,Tappor,atappor2y@technorati.com,Agender,193.183.18.114
108,Stephen,Abberley,sabberley2z@sourceforge.net,Male,129.30.55.33
109,Elias,Rowney,erowney30@illinois.edu,Male,245.51.54.11
110,Gene,Ninotti,gninotti31@springer.com,Female,102.135.141.87
111,Frankie,Munton,fmunton32@google.es,Female,162.2.135.238
112,Linus,Jonsson,ljonsson33@csmonitor.com,Male,155.187.224.46
113,Cele,Cowup,ccowup34@wunderground.com,Female,210.34.148.61
114,Kaitlynn,Woodruff,kwoodruff35@flavors.me,Female,60.226.166.182
115,Forrester,Tumasian,ftumasian36@ehow.com,Male,165.215.118.81
116,Peyton,Sackur,psackur37@mysql.com,Male,18.0.174.222
117,Briant,Keave,bkeave38@timesonline.co.uk,Male,43.41.7.162
118,Rayna,Bolmann,rbolmann39@zimbio.com,Female,181.174.34.15
119,Emmott,Huggens,ehuggens3a@arstechnica.com,Male,195.80.203.181
120,Kiele,Awin,kawin3b@ibm.com,Female,70.136.41.45
121,Danielle,Christoffersen,dchristoffersen3c@mtv.com,Female,39.100.134.239
122,Dede,Povey,dpovey3d@npr.org,Female,150.181.178.159
123,Myrilla,McLurg,mmclurg3e@narod.ru,Female,80.184.97.173
124,Betsy,Goldberg,bgoldberg3f@github.io,Female,186.88.138.1
125,Griselda,Bearn,gbearn3g@slate.com,Female,26.167.7.23
126,Dorie,Jakovijevic,djakovijevic3h@blinklist.com,Polygender,10.241.65.44
127,Merry,Shelmerdine,mshelmerdine3i@census.gov,Male,10.183.69.40
128,Mata,Edwards,medwards3j@free.fr,Male,198.185.71.11
129,Ranna,Paulucci,rpaulucci3k@hp.com,Female,74.253.96.28
130,Elliot,Woolfoot,ewoolfoot3l@geocities.com,Male,90.30.204.34
131,Ariel,Mortel,amortel3m@reverbnation.com,Male,57.152.109.211
132,Lydie,McCaig,lmccaig3n@msu.edu,Female,168.206.152.113
133,Pebrook,Vondrys,pvondrys3o@thetimes.co.uk,Male,195.18.190.78
134,Trisha,Foulds,tfoulds3p@a8.net,Female,8.253.240.156
135,Gus,Bassano,gbassano3q@ovh.net,Male,108.153.125.145
136,Erica,MacCague,emaccague3r@cornell.edu,Female,2.95.42.255
137,Jessee,Poundford,jpoundford3s@360.cn,Male,8.17.7.82
138,Ambrosi,Inglish,ainglish3t@accuweather.com,Male,178.220.0.202
139,Arabele,Jonsson,ajonsson3u@geocities.jp,Female,101.113.229.133
140,Emelen,Hobben,ehobben3v@liveinternet.ru,Male,1.95.241.151
141,Axe,Bortoluzzi,abortoluzzi3w@people.com.cn,Male,127.10.161.162
142,Gwyneth,Razoux,grazoux3x@mtv.com,Female,240.163.152.50
143,Darn,Kernan,dkernan3y@reddit.com,Male,119.79.211.15
144,Kristan,Vasin,kvasin3z@independent.co.uk,Female,213.179.106.179
145,Leesa,Coye,lcoye40@uol.com.br,Bigender,29.201.110.144
146,Udell,Dormon,udormon41@wikimedia.org,Male,163.227.187.183
147,Ring,Lamb-shine,rlambshine42@moonfruit.com,Male,125.83.220.65
148,Andros,Mills,amills43@pcworld.com,Male,171.30.228.249
149,Jimmy,Jollye,jjollye44@about.com,Genderqueer,93.56.39.78
150,Rollie,Shefton,rshefton45@princeton.edu,Male,51.160.216.103
151,Gerianne,Chomicz,gchomicz46@delicious.com,Female,4.225.9.104
152,Virgie,Pierrepont,vpierrepont47@paypal.com,Male,117.136.124.252
153,Cirilo,Diperaus,cdiperaus48@shop-pro.jp,Male,226.202.135.115
154,Erinna,Wetherell,ewetherell49@abc.net.au,Female,32.35.64.7
155,Marcie,Hincks,mhincks4a@last.fm,Genderfluid,178.124.100.224
156,Hayden,Jeannard,hjeannard4b@barnesandnoble.com,Non-binary,96.154.87.232
157,Killian,Hulls,khulls4c@dmoz.org,Male,6.150.193.85
158,Garrett,Massot,gmassot4d@nymag.com,Male,168.127.218.33
159,Phelia,Sichardt,psichardt4e@home.pl,Female,74.89.85.38
160,Ashbey,Shorland,ashorland4f@blogger.com,Male,183.105.125.1
161,Phillip,Dallyn,pdallyn4g@hibu.com,Genderfluid,176.52.255.226
162,Devora,Sywell,dsywell4h@slideshare.net,Female,175.155.81.234
163,Fidelity,Trowler,ftrowler4i@jigsy.com,Female,207.221.59.221
164,Alonzo,Coatts,acoatts4j@flavors.me,Male,187.117.61.134
165,Allyn,Endley,aendley4k@washington.edu,Female,27.209.191.154
166,Christoph,Simao,csimao4l@opera.com,Male,163.25.200.160
167,Rick,Easum,reasum4m@google.cn,Male,105.39.69.94
168,Birch,Pendall,bpendall4n@yahoo.com,Male,160.73.129.113
169,Sigismondo,Brettor,sbrettor4o@forbes.com,Male,247.45.71.226
170,Isabeau,Stitch,istitch4p@wordpress.com,Female,231.1.212.0
171,Teodoor,Fadden,tfadden4q@weibo.com,Male,141.53.101.233
172,Guilbert,Scholz,gscholz4r@privacy.gov.au,Male,4.11.18.171
173,Sim,Castillou,scastillou4s@engadget.com,Male,197.248.205.155
174,Grata,Elder,gelder4t@miitbeian.gov.cn,Female,82.176.203.253
175,Rudyard,Grzegorzewicz,rgrzegorzewicz4u@narod.ru,Male,156.240.118.148
176,Granny,Tiplady,gtiplady4v@bbb.org,Male,31.17.19.241
177,Helli,Surmeyers,hsurmeyers4w@yahoo.co.jp,Female,215.68.23.50
178,Erhart,Kristiansen,ekristiansen4x@senate.gov,Genderqueer,79.66.90.57
179,Andy,O'Hannay,aohannay4y@guardian.co.uk,Male,98.247.14.17
180,Althea,Creaser,acreaser4z@mozilla.com,Female,211.175.31.36
181,Kerianne,Wayvill,kwayvill50@google.pl,Female,59.85.135.118
182,Gretel,Fawley,gfawley51@rakuten.co.jp,Female,33.242.11.236
183,Kermie,Stebbings,kstebbings52@wordpress.org,Male,216.12.88.204
184,Muffin,Carnoghan,mcarnoghan53@webs.com,Male,145.98.168.61
185,Jarrod,Foker,jfoker54@instagram.com,Male,212.74.199.206
186,Fran,Aaron,faaron55@bing.com,Female,236.59.228.99
187,Hillery,MacWhan,hmacwhan56@posterous.com,Male,86.250.110.233
188,Thekla,Dunkerton,tdunkerton57@cargocollective.com,Female,108.171.186.216
189,Feodor,Collingridge,fcollingridge58@g.co,Male,13.245.78.240
190,Jeromy,Soloway,jsoloway59@etsy.com,Male,150.203.32.146
191,Ajay,Becom,abecom5a@cpanel.net,Female,175.122.2.27
192,Ali,Denington,adenington5b@wunderground.com,Male,247.100.232.214
193,Mozes,Keoghan,mkeoghan5c@alexa.com,Male,187.229.253.51
194,Ariel,Mather,amather5d@livejournal.com,Female,91.76.217.183
195,Meridith,Crowcher,mcrowcher5e@latimes.com,Female,231.148.171.116
196,Ashlan,Armitage,aarmitage5f@blogger.com,Female,178.95.58.201
197,Wes,Dy,wdy5g@senate.gov,Male,247.182.106.50
198,Lemar,Faltin,lfaltin5h@adobe.com,Male,48.49.188.175
199,Torr,McBayne,tmcbayne5i@example.com,Male,3.210.132.62
200,Evelyn,Donat,edonat5j@odnoklassniki.ru,Male,149.221.215.200
201,Rhea,Tomankiewicz,rtomankiewicz5k@com.com,Female,0.191.106.56
202,Florentia,Renackowna,frenackowna5l@sfgate.com,Female,203.54.114.94
203,Bordie,Pittwood,bpittwood5m@ifeng.com,Male,49.220.180.199
204,Chester,Dodshun,cdodshun5n@ow.ly,Male,51.22.37.194
205,Raye,Venton,rventon5o@google.co.jp,Female,49.209.240.77
206,Elmira,Moyles,emoyles5p@wikimedia.org,Female,193.76.251.127
207,Virgil,Heugh,vheugh5q@deliciousdays.com,Male,218.230.244.108
208,Lisbeth,Clausen-Thue,lclausenthue5r@mapy.cz,Female,129.145.241.84
209,Portia,Aronson,paronson5s@tinypic.com,Female,103.127.77.238
210,Kenna,Larsen,klarsen5t@newyorker.com,Female,66.219.132.54
211,Sascha,Croser,scroser5u@engadget.com,Female,77.234.47.172
212,Almeta,Corneil,acorneil5v@discovery.com,Female,126.183.7.90
213,Vincenty,Pogg,vpogg5w@whitehouse.gov,Male,95.135.153.73
214,Webster,Qusklay,wqusklay5x@army.mil,Male,20.34.88.98
215,Berget,Georghiou,bgeorghiou5y@webeden.co.uk,Female,102.42.235.5
216,Gillie,Soutar,gsoutar5z@cargocollective.com,Female,99.193.76.162
217,Frederigo,O'Sirin,fosirin60@nasa.gov,Male,34.114.13.4
218,Gabriel,Bromehed,gbromehed61@furl.net,Male,84.111.15.98
219,Mason,Blagdon,mblagdon62@google.cn,Male,254.57.177.73
220,Mal,Karolyi,mkarolyi63@dailymail.co.uk,Male,152.140.169.252
221,Pattie,Cheyenne,pcheyenne64@berkeley.edu,Male,9.183.172.124
222,Farrell,Delamar,fdelamar65@infoseek.co.jp,Male,163.225.54.195
223,Garfield,Kibbye,gkibbye66@cdc.gov,Male,172.93.218.117
224,Hank,Crebbin,hcrebbin67@google.nl,Male,160.68.24.158
225,Rodd,Stallion,rstallion68@about.com,Male,34.80.88.111
226,Timmy,Sadd,tsadd69@irs.gov,Male,139.184.112.6
227,Bryce,Peete,bpeete6a@aol.com,Male,44.119.48.19
228,Fabe,Liebmann,fliebmann6b@scribd.com,Male,244.38.44.231
229,Viviene,Colbert,vcolbert6c@sciencedaily.com,Female,157.175.168.222
230,Rafi,Jzhakov,rjzhakov6d@adobe.com,Male,240.86.183.97
231,Priscilla,Bride,pbride6e@pen.io,Female,129.55.113.109
232,Alexandr,Chansonnau,achansonnau6f@unesco.org,Male,183.45.23.89
233,Dominik,Christofle,dchristofle6g@oracle.com,Male,159.125.160.136
234,Lauren,Satterfitt,lsatterfitt6h@shareasale.com,Male,194.193.61.210
235,Teddy,Pinson,tpinson6i@biblegateway.com,Male,151.155.173.153
236,Marlo,Aizlewood,maizlewood6j@nasa.gov,Female,188.40.45.78
237,Jacquette,Goldring,jgoldring6k@vistaprint.com,Female,60.190.110.97
238,Othilia,Overel,ooverel6l@blinklist.com,Female,100.7.42.62
239,Verney,Whatmough,vwhatmough6m@cargocollective.com,Male,167.200.181.126
240,Gideon,Edmenson,gedmenson6n@tumblr.com,Male,165.45.181.113
241,Gabriele,Mabbott,gmabbott6o@surveymonkey.com,Male,46.195.192.237
242,Geoffrey,Lounds,glounds6p@netvibes.com,Male,130.229.23.56
243,Hodge,Cowey,hcowey6q@sciencedirect.com,Polygender,107.175.66.239
244,Lucio,Ipgrave,lipgrave6r@pen.io,Male,53.61.95.225
245,Dmitri,Pestricke,dpestricke6s@1und1.de,Male,156.234.31.27
246,Simon,Risely,srisely6t@ovh.net,Male,108.105.181.100
247,Matt,Litton,mlitton6u@netvibes.com,Male,21.186.75.172
248,Lynea,Roby,lroby6v@arizona.edu,Genderfluid,151.111.7.27
249,Tally,De Andreis,tdeandreis6w@boston.com,Female,53.4.18.247
250,Evelyn,Barson,ebarson6x@blogtalkradio.com,Male,160.9.147.72
251,Bron,Stranahan,bstranahan6y@weebly.com,Male,47.130.39.225
252,Wainwright,Bardell,wbardell6z@diigo.com,Male,200.221.58.230
253,David,Hapke,dhapke70@usgs.gov,Male,91.5.212.112
254,David,Bicknell,dbicknell71@behance.net,Non-binary,29.109.101.182
255,Frankie,Whittleton,fwhittleton72@apple.com,Male,30.171.91.28
256,Gabey,Jefford,gjefford73@liveinternet.ru,Female,65.255.239.133
257,Xylina,Braban,xbraban74@weather.com,Female,251.16.145.51
258,Sharai,Gavahan,sgavahan75@prnewswire.com,Female,17.177.129.230
259,Karrah,Elliker,kelliker76@nps.gov,Female,120.241.217.123
260,Carma,Kadd,ckadd77@yelp.com,Female,114.80.43.235
261,Eadmund,Toolin,etoolin78@squidoo.com,Male,193.166.9.249
262,Aleksandr,Desport,adesport79@imdb.com,Male,135.81.221.12
263,Hewie,Dikles,hdikles7a@sina.com.cn,Male,168.43.96.203
264,Dyana,MacGillivray,dmacgillivray7b@tumblr.com,Genderfluid,151.103.34.22
265,Scotti,Tedridge,stedridge7c@cbslocal.com,Genderfluid,195.72.49.178
266,Gasparo,Ambrogio,gambrogio7d@t-online.de,Bigender,114.128.143.136
267,Kaleb,Nardoni,knardoni7e@issuu.com,Male,187.2.212.191
268,Ted,Fullun,tfullun7f@dion.ne.jp,Male,185.117.203.181
269,Melony,Cloute,mcloute7g@technorati.com,Female,225.118.118.10
270,Melody,Frenchum,mfrenchum7h@g.co,Female,67.114.135.88
271,Zelig,Nazer,znazer7i@dot.gov,Male,228.244.195.57
272,Fonsie,McCool,fmccool7j@techcrunch.com,Male,89.8.7.221
273,Sherline,De Vere,sdevere7k@alexa.com,Female,221.15.14.247
274,Lory,Lotherington,llotherington7l@imgur.com,Female,236.157.75.211
275,Jamesy,Schooley,jschooley7m@ameblo.jp,Male,154.208.66.68
276,Dallas,Lukas,dlukas7n@icq.com,Male,36.5.76.29
277,Laurene,de Broke,ldebroke7o@artisteer.com,Female,201.32.68.249
278,Rodie,Rougier,rrougier7p@blog.com,Female,115.1.79.195
279,Nadya,Coupman,ncoupman7q@1688.com,Female,154.158.136.147
280,Phoebe,Dmisek,pdmisek7r@cmu.edu,Female,176.29.112.86
281,Estrellita,Jiruca,ejiruca7s@cisco.com,Female,24.46.29.234
282,Babette,Kissock,bkissock7t@shareasale.com,Female,67.41.19.210
283,Briney,Ewan,bewan7u@cnet.com,Female,205.112.109.89
284,Natalee,Gaskal,ngaskal7v@narod.ru,Female,255.149.63.34
285,Carmelina,Loveridge,cloveridge7w@youku.com,Female,210.71.63.13
286,Melvyn,Loney,mloney7x@cdbaby.com,Male,154.165.59.200
287,Fraze,Riddiough,friddiough7y@i2i.jp,Male,129.249.205.140
288,Corri,Burnip,cburnip7z@topsy.com,Female,45.182.247.218
289,Raina,Filyushkin,rfilyushkin80@google.it,Female,129.174.74.123
290,Lilla,Lucy,llucy81@zimbio.com,Female,93.172.231.225
291,Joceline,Atwood,jatwood82@fda.gov,Female,110.152.23.111
292,Orson,Mapstone,omapstone83@vistaprint.com,Male,106.158.88.148
293,Jillana,Morales,jmorales84@desdev.cn,Female,35.68.158.0
294,Doralynn,Milmo,dmilmo85@google.com.br,Female,236.146.232.156
295,Cyrillus,Calder,ccalder86@so-net.ne.jp,Male,143.2.38.255
296,Nicko,Hurton,nhurton87@home.pl,Male,31.28.11.236
297,Dewey,Phebee,dphebee88@engadget.com,Male,235.166.170.164
298,Kora,Degli Abbati,kdegliabbati89@artisteer.com,Female,61.56.48.136
299,Arch,Kenyon,akenyon8a@booking.com,Male,227.217.210.35
300,Carolina,Grandisson,cgrandisson8b@chronoengine.com,Female,198.9.171.101
301,Algernon,Fassbindler,afassbindler8c@cyberchimps.com,Male,199.52.78.247
302,Fionna,Dines,fdines8d@kickstarter.com,Female,152.46.34.232
303,Mattheus,Flintuff,mflintuff8e@whitehouse.gov,Male,89.6.135.84
304,Arie,Carriage,acarriage8f@hatena.ne.jp,Male,250.87.39.92
305,Mycah,Eburah,meburah8g@163.com,Male,203.161.116.172
306,Legra,Megarrell,lmegarrell8h@issuu.com,Female,75.64.55.42
307,Kienan,Jurewicz,kjurewicz8i@loc.gov,Male,59.129.128.147
308,Bertine,Klaves,bklaves8j@mapquest.com,Genderqueer,109.234.93.116
309,Forest,McIndrew,fmcindrew8k@telegraph.co.uk,Male,142.193.112.5
310,Niall,Rainey,nrainey8l@ucoz.ru,Male,47.133.45.80
311,Erhart,Turri,eturri8m@dot.gov,Male,93.149.65.254
312,Caz,Stowe,cstowe8n@usda.gov,Male,109.213.154.246
313,Tony,Garment,tgarment8o@businessinsider.com,Female,245.164.59.37
314,Sonnie,Bene,sbene8p@last.fm,Male,96.6.238.14
315,Dene,Babon,dbabon8q@webs.com,Male,244.248.196.122
316,Lind,McIlwreath,lmcilwreath8r@weather.com,Male,78.123.161.145
317,Dacie,Casford,dcasford8s@redcross.org,Female,109.246.15.1
318,Donny,Trematick,dtrematick8t@free.fr,Female,115.58.71.87
319,Bobbie,McPeake,bmcpeake8u@theglobeandmail.com,Male,134.82.36.205
320,Bernice,Keig,bkeig8v@earthlink.net,Female,34.2.207.56
321,Sabrina,Buyers,sbuyers8w@ucoz.com,Female,101.88.232.86
322,Rustin,Strass,rstrass8x@springer.com,Male,134.58.242.157
323,Drusi,Crocroft,dcrocroft8y@1und1.de,Female,33.72.112.52
324,Perri,Marcus,pmarcus8z@feedburner.com,Female,9.206.1.34
325,Patricio,Christescu,pchristescu90@pbs.org,Male,191.189.248.43
326,Tod,Ogilvie,togilvie91@omniture.com,Male,95.141.165.138
327,Deanne,Elner,delner92@techcrunch.com,Female,252.190.39.188
328,Adrianne,Henkmann,ahenkmann93@alibaba.com,Female,82.23.6.251
329,Pepe,Lappine,plappine94@networksolutions.com,Agender,197.94.193.79
330,Hort,Ainscough,hainscough95@oaic.gov.au,Male,134.160.42.191
331,Letta,Tefft,ltefft96@blogtalkradio.com,Female,0.85.113.76
332,Dalenna,Isaak,disaak97@vinaora.com,Female,252.103.42.146
333,Waylon,Giamuzzo,wgiamuzzo98@bloglines.com,Male,248.235.77.0
334,Sigismond,Langman,slangman99@msn.com,Male,48.218.67.144
335,Merv,Alenichicov,malenichicov9a@oaic.gov.au,Genderfluid,128.124.252.246
336,Benedicta,Jaggard,bjaggard9b@stumbleupon.com,Female,165.73.41.217
337,Brittni,Cubbino,bcubbino9c@feedburner.com,Female,206.32.94.53
338,Godart,Kahan,gkahan9d@adobe.com,Male,78.120.185.108
339,Xymenes,Licciardiello,xlicciardiello9e@boston.com,Male,64.74.127.188
340,Dot,Mowsdell,dmowsdell9f@marriott.com,Female,155.10.179.247
341,Chrissie,Cattellion,ccattellion9g@lycos.com,Male,17.39.174.149
342,Ursula,Martensen,umartensen9h@bandcamp.com,Genderqueer,121.15.129.207
343,Claude,Bellward,cbellward9i@fc2.com,Female,18.73.147.250
344,Caren,Eringey,ceringey9j@netscape.com,Female,135.240.197.119
345,Kristina,Haseldine,khaseldine9k@gnu.org,Female,84.115.244.59
346,Terese,Pollington,tpollington9l@i2i.jp,Female,170.247.118.74
347,Allen,Duckworth,aduckworth9m@php.net,Male,161.246.163.96
348,Rollin,Kyllford,rkyllford9n@dot.gov,Male,42.130.8.17
349,Faustine,Jeskins,fjeskins9o@chicagotribune.com,Female,120.71.13.207
350,Denice,Von Brook,dvonbrook9p@bloglovin.com,Female,252.57.212.171
351,Johnath,Pepperrall,jpepperrall9q@arstechnica.com,Female,97.171.167.174
352,Carlita,Markson,cmarkson9r@clickbank.net,Female,171.73.154.216
353,Florri,Shimmans,fshimmans9s@time.com,Female,71.252.186.57
354,Adriena,Verrier,averrier9t@whitehouse.gov,Genderfluid,193.116.114.70
355,Lydon,Ianni,lianni9u@arstechnica.com,Male,254.1.72.240
356,Mead,Champniss,mchampniss9v@g.co,Male,179.218.99.118
357,Noak,McGruar,nmcgruar9w@cafepress.com,Male,247.131.173.56
358,Nettle,Sutherley,nsutherley9x@wiley.com,Female,178.238.169.219
359,Emalee,Boays,eboays9y@nifty.com,Female,164.191.212.184
360,Eartha,Treske,etreske9z@ezinearticles.com,Female,69.20.69.12
361,Mildrid,Cornelleau,mcornelleaua0@symantec.com,Female,212.127.122.196
362,Gaye,Bourgeois,gbourgeoisa1@sitemeter.com,Female,54.40.179.22
363,Erskine,Demougeot,edemougeota2@free.fr,Male,103.2.255.204
364,Ferdinand,Bibbie,fbibbiea3@usnews.com,Male,25.216.246.139
365,Gavin,Swalough,gswalougha4@hibu.com,Male,39.136.205.154
366,Rustie,Mohan,rmohana5@marketwatch.com,Male,199.20.132.1
367,Paulina,Seligson,pseligsona6@pagesperso-orange.fr,Female,233.187.215.180
368,Dorie,Doudny,ddoudnya7@people.com.cn,Female,99.87.101.227
369,Blakeley,Jime,bjimea8@scientificamerican.com,Agender,74.218.2.202
370,Elvyn,Willishire,ewillishirea9@ihg.com,Male,100.10.10.34
371,Johannah,Feuell,jfeuellaa@earthlink.net,Female,72.28.0.201
372,Walton,Bownes,wbownesab@ucoz.com,Male,98.58.38.107
373,Stanislaus,McCrudden,smccruddenac@sitemeter.com,Male,34.55.24.72
374,Garvey,Tewkesbury.,gtewkesburyad@statcounter.com,Male,221.60.213.6
375,Cece,Taw,ctawae@bigcartel.com,Male,181.179.3.69
376,Kippie,Gerriets,kgerrietsaf@t-online.de,Male,81.23.15.186
377,Thedric,Grealey,tgrealeyag@abc.net.au,Male,159.61.171.162
378,Taite,Richly,trichlyah@live.com,Male,111.128.30.147
379,Van,Leeves,vleevesai@w3.org,Male,108.165.63.18
380,Shaughn,Pluvier,spluvieraj@msu.edu,Male,93.93.2.95
381,Joya,Lovart,jlovartak@ucsd.edu,Female,255.59.96.248
382,Woodrow,Kyte,wkyteal@oaic.gov.au,Male,75.188.237.33
383,Agretha,Extence,aextenceam@fotki.com,Genderqueer,99.169.226.146
384,Dov,Teodori,dteodorian@i2i.jp,Male,228.128.251.199
385,Gottfried,Belderson,gbeldersonao@nature.com,Male,157.140.5.115
386,Lorne,Lewins,llewinsap@chronoengine.com,Female,179.6.57.204
387,Darren,Lightwing,dlightwingaq@people.com.cn,Male,208.145.122.161
388,Alica,Heeks,aheeksar@drupal.org,Female,152.206.182.46
389,Mady,Milliere,mmilliereas@narod.ru,Female,196.73.28.156
390,Angeli,Giraux,agirauxat@cbsnews.com,Male,81.114.167.238
391,Moises,Muro,mmuroau@umich.edu,Genderfluid,48.154.249.131
392,Artie,Christoffels,achristoffelsav@ucoz.ru,Male,209.39.82.99
393,Haven,Burder,hburderaw@google.com.br,Male,167.181.37.167
394,Emmet,Jirieck,ejirieckax@godaddy.com,Genderqueer,158.246.205.51
395,Chad,Eardley,ceardleyay@google.es,Female,42.107.82.175
396,Mufinella,Lilloe,mlilloeaz@marriott.com,Female,37.169.169.210
397,Geoffry,Havelin,ghavelinb0@chicagotribune.com,Male,119.50.182.170
398,Darrell,Wilmut,dwilmutb1@surveymonkey.com,Male,64.75.135.255
399,Frederik,McMyler,fmcmylerb2@dailymail.co.uk,Male,43.185.24.182
400,Bron,Menure,bmenureb3@ucsd.edu,Male,26.89.133.154
401,Sher,Itzik,sitzikb4@ucla.edu,Female,245.141.229.41
402,Pembroke,Huddle,phuddleb5@rambler.ru,Male,5.125.239.70
403,Sherlocke,Waltering,swalteringb6@dailymail.co.uk,Male,200.117.237.171
404,Matilda,Fishly,mfishlyb7@independent.co.uk,Female,66.0.164.89
405,Cosmo,MacKartan,cmackartanb8@adobe.com,Male,253.219.157.132
406,Barrett,Smitten,bsmittenb9@wsj.com,Male,252.193.195.35
407,Herrick,Waymont,hwaymontba@independent.co.uk,Male,51.234.100.34
408,Alex,Pink,apinkbb@hud.gov,Male,56.226.160.20
409,Shirline,Symmons,ssymmonsbc@prlog.org,Female,106.220.55.57
410,Amble,Farnon,afarnonbd@artisteer.com,Male,173.183.221.30
411,Ninon,Jeannenet,njeannenetbe@independent.co.uk,Female,161.36.235.211
412,Ronnica,Priver,rpriverbf@tuttocitta.it,Female,109.81.87.147
413,Kipp,Tangye,ktangyebg@booking.com,Male,146.158.17.72
414,Roslyn,Spadazzi,rspadazzibh@npr.org,Female,235.97.211.254
415,Mel,Klemps,mklempsbi@bandcamp.com,Female,168.41.220.214
416,Ogden,Rubertelli,orubertellibj@jugem.jp,Non-binary,79.170.108.69
417,Lizette,Chastanet,lchastanetbk@weebly.com,Female,178.74.199.153
418,Tore,Blankett,tblankettbl@technorati.com,Male,212.195.43.37
419,Orson,Kersaw,okersawbm@dropbox.com,Male,91.59.111.73
420,Vale,Blay,vblaybn@slashdot.org,Female,243.77.13.18
421,Ulick,Salandino,usalandinobo@chronoengine.com,Male,108.235.197.84
422,Ogdon,Valsler,ovalslerbp@yandex.ru,Male,185.160.12.221
423,Fey,Lee,fleebq@artisteer.com,Female,188.212.71.44
424,Hertha,Blurton,hblurtonbr@wired.com,Agender,78.122.248.76
425,Alena,Ekless,aeklessbs@sitemeter.com,Female,146.102.250.155
426,Jocelin,Ferrarese,jferraresebt@google.co.uk,Genderqueer,18.167.233.162
427,Kelby,Baudassi,kbaudassibu@desdev.cn,Male,225.124.177.134
428,Lorant,Bruineman,lbruinemanbv@earthlink.net,Male,189.77.103.9
429,Marius,Keohane,mkeohanebw@studiopress.com,Male,194.216.144.200
430,Selestina,Ratie,sratiebx@yale.edu,Female,107.69.194.35
431,Kylila,Janecek,kjanecekby@foxnews.com,Female,202.54.210.79
432,Darrick,Crayden,dcraydenbz@pbs.org,Male,216.114.71.168
433,Chrysler,Kurth,ckurthc0@i2i.jp,Female,157.7.146.51
434,Elaine,Tremontana,etremontanac1@sun.com,Female,132.237.62.244
435,Gerianna,Caghy,gcaghyc2@homestead.com,Female,87.208.140.180
436,Shirlene,Lasselle,slassellec3@tmall.com,Female,227.159.252.245
437,Jodee,Poulden,jpouldenc4@tumblr.com,Female,93.40.172.135
438,Rolando,Northidge,rnorthidgec5@furl.net,Male,211.233.118.97
439,Elie,Marciskewski,emarciskewskic6@instagram.com,Female,190.30.217.49
440,Lorine,Cross,lcrossc7@salon.com,Female,239.208.233.66
441,Pancho,Kenan,pkenanc8@pen.io,Male,38.181.56.201
442,Baron,Pigford,bpigfordc9@goo.ne.jp,Genderfluid,96.47.173.246
443,Loralyn,Segges,lseggesca@weather.com,Female,101.107.115.252
444,Essie,Gallehock,egallehockcb@businessweek.com,Female,114.55.161.37
445,Marjy,Fradson,mfradsoncc@4shared.com,Female,135.139.190.27
446,Almeria,O' Markey,aomarkeycd@stanford.edu,Female,33.154.5.207
447,Harrison,Down,hdownce@lulu.com,Male,176.215.106.140
448,Dru,Szymanzyk,dszymanzykcf@cargocollective.com,Male,170.216.201.99
449,Kendall,Bucklan,kbucklancg@economist.com,Male,45.234.72.204
450,Anatole,Livingstone,alivingstonech@t-online.de,Male,77.109.118.224
451,Kin,Pidgley,kpidgleyci@stumbleupon.com,Male,103.180.221.196
452,Del,Palomba,dpalombacj@edublogs.org,Male,26.131.20.180
453,Shanta,Poller,spollerck@imdb.com,Female,189.52.127.182
454,Dulcea,Santos,dsantoscl@tamu.edu,Female,173.52.15.78
455,Florri,Arnoud,farnoudcm@slideshare.net,Female,84.233.188.60
456,Ester,Di Biagi,edibiagicn@clickbank.net,Female,249.117.141.108
457,Fifine,Zeal,fzealco@cnbc.com,Agender,47.69.249.239
458,Meg,Priestland,mpriestlandcp@fema.gov,Female,11.243.130.69
459,Barbara-anne,Boyes,bboyescq@upenn.edu,Female,196.33.6.100
460,Alden,Luparti,aluparticr@hc360.com,Male,224.197.56.115
461,Gardner,Faulder,gfauldercs@eepurl.com,Male,156.134.39.86
462,Denys,Brims,dbrimsct@hatena.ne.jp,Male,212.26.87.192
463,Hesther,Drakard,hdrakardcu@deliciousdays.com,Female,141.72.164.7
464,Hertha,Vivash,hvivashcv@naver.com,Female,76.79.241.1
465,Chico,Reuven,creuvencw@jugem.jp,Male,223.14.27.82
466,Derrik,Lefley,dlefleycx@jimdo.com,Male,232.71.66.233
467,Arnoldo,Denerley,adenerleycy@mlb.com,Male,148.168.155.114
468,Adriana,Lohoar,alohoarcz@xrea.com,Agender,209.132.221.212
469,Juli,Benbough,jbenboughd0@yandex.ru,Female,178.244.91.119
470,Ezechiel,Guisot,eguisotd1@smh.com.au,Male,195.123.16.215
471,Billye,Tointon,btointond2@tinyurl.com,Non-binary,100.209.172.229
472,Madelin,McCowen,mmccowend3@sciencedaily.com,Female,103.115.57.185
473,Fields,Duffin,fduffind4@slate.com,Male,146.195.94.14
474,Carson,Yitzovicz,cyitzoviczd5@artisteer.com,Male,26.84.15.47
475,Dorrie,Tanzer,dtanzerd6@sbwire.com,Female,154.71.246.56
476,Ferdinande,Potier,fpotierd7@slashdot.org,Female,31.97.194.82
477,Nikki,Morant,nmorantd8@istockphoto.com,Female,5.121.250.222
478,Knox,Kytter,kkytterd9@goodreads.com,Male,245.194.26.25
479,Meryl,Saxton,msaxtonda@godaddy.com,Male,155.95.50.193
480,Dosi,Gencke,dgenckedb@123-reg.co.uk,Female,113.223.6.180
481,Robin,Tamblyn,rtamblyndc@meetup.com,Female,20.87.42.127
482,Chicky,Tomsa,ctomsadd@hibu.com,Female,75.215.219.135
483,Karlens,Baldetti,kbaldettide@jigsy.com,Male,38.171.59.144
484,Lea,Carle,lcarledf@squidoo.com,Female,158.73.30.215
485,Bruce,Bricksey,bbrickseydg@harvard.edu,Male,3.128.143.31
486,Hillyer,Aleavy,haleavydh@about.com,Male,79.208.152.110
487,Gertruda,Potkin,gpotkindi@washington.edu,Female,179.170.201.84
488,Dulsea,Fernez,dfernezdj@ehow.com,Female,253.42.224.29
489,Hyacinthe,Schruurs,hschruursdk@umn.edu,Female,69.28.197.125
490,Yul,Fanshawe,yfanshawedl@harvard.edu,Male,179.44.152.141
491,Teodor,Shutle,tshutledm@tuttocitta.it,Male,204.245.145.62
492,Estelle,Battin,ebattindn@xinhuanet.com,Female,157.166.207.237
493,Verney,Petracci,vpetraccido@bbb.org,Male,89.149.114.245
494,Guillemette,Davio,gdaviodp@theatlantic.com,Female,70.95.167.229
495,Cazzie,Shiril,cshirildq@free.fr,Male,64.169.40.152
496,Marcelline,Raper,mraperdr@google.de,Female,38.210.104.60
497,Jacob,Rosenberg,jrosenbergds@nyu.edu,Male,47.95.72.75
498,Kaye,Cauderlie,kcauderliedt@acquirethisname.com,Female,3.209.63.93
499,Jarrod,Pietrusiak,jpietrusiakdu@rakuten.co.jp,Male,154.129.40.128
500,Colleen,Hehl,chehldv@apache.org,Agender,81.106.244.66
501,Beaufort,Ferris,bferrisdw@usatoday.com,Male,23.144.243.13
502,Drucie,Camlin,dcamlindx@aol.com,Female,199.200.213.214
503,Earvin,Isakovitch,eisakovitchdy@si.edu,Male,94.38.239.110
504,Noelani,Mahaddy,nmahaddydz@mapquest.com,Female,253.157.55.17
505,Currey,Side,csidee0@digg.com,Male,60.88.50.104
506,Lars,Keaysell,lkeayselle1@smugmug.com,Male,187.67.135.215
507,Guillaume,Coaker,gcoakere2@sphinn.com,Male,176.29.128.101
508,Reece,Sicely,rsicelye3@telegraph.co.uk,Male,200.229.237.32
509,Kaycee,Landeaux,klandeauxe4@technorati.com,Female,186.153.170.144
510,Art,Britt,abritte5@dropbox.com,Male,82.89.156.181
511,Pegeen,Point,ppointe6@vkontakte.ru,Polygender,133.120.233.244
512,Charo,Klauer,cklauere7@rakuten.co.jp,Female,73.246.118.2
513,Ferris,Hollingsbee,fhollingsbeee8@comcast.net,Male,247.9.26.19
514,Kala,Rraundl,krraundle9@photobucket.com,Female,19.197.194.72
515,Roarke,Bickerdike,rbickerdikeea@pcworld.com,Male,151.64.102.134
516,Rudolfo,Farge,rfargeeb@indiatimes.com,Male,115.112.140.26
517,Danni,Mateja,dmatejaec@cyberchimps.com,Female,78.238.34.154
518,Shani,Vaudre,svaudreed@hibu.com,Female,176.32.33.59
519,Neils,Campo,ncampoee@youku.com,Male,232.195.167.157
520,Dee dee,Moine,dmoineef@psu.edu,Female,21.188.182.166
521,Marve,Barthram,mbarthrameg@examiner.com,Male,99.101.204.213
522,Rand,Cabrera,rcabreraeh@wikispaces.com,Male,242.104.60.182
523,Pernell,Brambill,pbrambillei@storify.com,Male,159.67.95.219
524,Giacopo,Smyth,gsmythej@irs.gov,Male,21.182.25.238
525,Dot,Rubinovici,drubinoviciek@answers.com,Female,163.68.229.178
526,Neda,Robinette,nrobinetteel@netscape.com,Female,47.38.163.82
527,Pauly,Beeswing,pbeeswingem@illinois.edu,Female,56.219.94.123
528,Daphna,Blaza,dblazaen@census.gov,Female,203.123.111.202
529,Shaylynn,Dudenie,sdudenieeo@msn.com,Female,133.213.196.6
530,Benjamen,Pead,bpeadep@naver.com,Male,117.22.235.234
531,Florri,O'Kuddyhy,fokuddyhyeq@goodreads.com,Female,77.34.108.100
532,Klara,Manley,kmanleyer@google.de,Non-binary,109.93.88.219
533,Myron,Cossey,mcosseyes@goo.gl,Male,139.119.92.5
534,Laurianne,Wathen,lwathenet@amazon.co.jp,Female,1.34.2.199
535,Freeman,Swapp,fswappeu@about.com,Male,126.212.244.248
536,Darbee,Burburough,dburburoughev@soup.io,Male,73.69.149.172
537,Frances,Catterell,fcatterellew@ycombinator.com,Agender,138.239.235.139
538,Jess,Sasser,jsasserex@time.com,Male,252.90.4.37
539,Doreen,Stallworth,dstallworthey@foxnews.com,Female,51.203.119.20
540,Corny,Cattermull,ccattermullez@house.gov,Female,23.60.55.109
541,Cointon,Tillard,ctillardf0@over-blog.com,Male,45.69.17.112
542,Hilton,Frederick,hfrederickf1@techcrunch.com,Male,127.131.28.57
543,Hollis,Easey,heaseyf2@weebly.com,Male,102.140.230.254
544,Niel,Avery,naveryf3@theatlantic.com,Male,184.50.29.193
545,Maria,Minall,mminallf4@shareasale.com,Female,113.216.25.8
546,Sibyl,Clancy,sclancyf5@yahoo.com,Male,183.176.24.65
547,Donovan,Kobelt,dkobeltf6@sbwire.com,Male,22.112.238.213
548,Elia,Brandreth,ebrandrethf7@vinaora.com,Male,71.140.180.59
549,Ryann,Gautrey,rgautreyf8@de.vu,Female,254.19.161.14
550,Ferdie,Reddihough,freddihoughf9@wiley.com,Male,101.2.247.17
551,Guthry,Izard,gizardfa@sina.com.cn,Genderqueer,199.110.146.33
552,Malva,Novic,mnovicfb@netlog.com,Female,36.3.50.249
553,Darby,Camosso,dcamossofc@npr.org,Female,32.32.134.90
554,Janeva,Emsley,jemsleyfd@nsw.gov.au,Agender,186.77.203.177
555,Jamie,De la Harpe,jdelaharpefe@ibm.com,Male,80.118.58.227
556,Clareta,Forth,cforthff@joomla.org,Female,55.58.233.42
557,Storm,Sapsforde,ssapsfordefg@hostgator.com,Female,34.30.146.157
558,Elwood,Kingwell,ekingwellfh@1und1.de,Male,151.170.135.203
559,Linn,Pentin,lpentinfi@yelp.com,Male,238.1.132.128
560,Tadio,Peirce,tpeircefj@tuttocitta.it,Male,139.250.106.60
561,Tanney,Folkerts,tfolkertsfk@patch.com,Male,178.174.132.251
562,Fionnula,Martschik,fmartschikfl@unesco.org,Female,17.48.121.66
563,Raynell,McNeillie,rmcneilliefm@canalblog.com,Female,15.154.232.253
564,Dyann,Jinkinson,djinkinsonfn@networksolutions.com,Female,142.30.125.231
565,Pincus,Maidstone,pmaidstonefo@vimeo.com,Male,136.10.246.32
566,Barney,Lunam,blunamfp@goo.gl,Male,202.209.68.88
567,Johan,Bayliss,jbaylissfq@last.fm,Male,117.251.51.21
568,Dotti,Chomicz,dchomiczfr@wordpress.com,Female,233.149.252.255
569,Kandy,Lindblom,klindblomfs@samsung.com,Female,178.230.201.36
570,Kailey,Chidgey,kchidgeyft@tinyurl.com,Female,191.96.163.113
571,Elli,Guyonneau,eguyonneaufu@cam.ac.uk,Female,135.20.129.187
572,Dall,Horsey,dhorseyfv@etsy.com,Male,92.193.95.242
573,Brinna,Carmont,bcarmontfw@pcworld.com,Female,72.10.241.38
574,Margret,Duesbury,mduesburyfx@cafepress.com,Female,68.50.204.132
575,Sherm,Roo,sroofy@blogspot.com,Male,113.50.221.101
576,Robbin,Robertsen,rrobertsenfz@printfriendly.com,Female,143.39.119.85
577,Sarge,Scawton,sscawtong0@jugem.jp,Male,213.217.9.213
578,Blythe,Edwick,bedwickg1@ovh.net,Female,17.191.127.227
579,Bancroft,Leindecker,bleindeckerg2@nymag.com,Agender,76.12.181.197
580,Chadwick,Rickarsey,crickarseyg3@cmu.edu,Male,200.97.76.171
581,Ali,Pendrick,apendrickg4@shutterfly.com,Male,190.163.49.82
582,Giuseppe,Steuart,gsteuartg5@woothemes.com,Male,184.86.249.81
583,Lesly,Hutchens,lhutchensg6@senate.gov,Female,97.14.154.50
584,Wilton,Kilty,wkiltyg7@whitehouse.gov,Male,138.74.195.38
585,Luce,Gaul,lgaulg8@trellian.com,Non-binary,215.162.86.9
586,Christalle,Pardie,cpardieg9@cmu.edu,Female,95.212.242.38
587,Syd,Branno,sbrannoga@sohu.com,Male,170.28.195.250
588,Tomi,Haxell,thaxellgb@wufoo.com,Non-binary,114.108.195.124
589,Rhodie,Couche,rcouchegc@hc360.com,Female,140.108.246.74
590,Brittany,Bibey,bbibeygd@cam.ac.uk,Female,100.106.63.125
591,Janina,O'Dooghaine,jodooghainege@biblegateway.com,Female,80.114.12.8
592,Waylin,Yallop,wyallopgf@chronoengine.com,Male,106.161.0.56
593,Martie,Jenicke,mjenickegg@behance.net,Female,116.28.180.237
594,Honoria,Blore,hbloregh@csmonitor.com,Genderfluid,253.248.39.139
595,Ibbie,Duetsche,iduetschegi@answers.com,Female,147.41.253.191
596,Retha,Gatsby,rgatsbygj@fotki.com,Female,220.19.223.145
597,Vivia,Rowston,vrowstongk@state.gov,Female,195.192.28.20
598,Eduino,Grigoriev,egrigorievgl@google.pl,Male,211.168.176.136
599,Alix,Sparshott,asparshottgm@dyndns.org,Male,67.42.155.120
600,Cherilyn,Paulo,cpaulogn@cnbc.com,Female,98.59.248.134
601,Marysa,Rosbottom,mrosbottomgo@va.gov,Female,175.30.144.100
602,Rolph,Momery,rmomerygp@so-net.ne.jp,Male,116.19.78.242
603,Clevie,Kigelman,ckigelmangq@marketwatch.com,Male,121.105.216.53
604,Happy,Longhurst,hlonghurstgr@zdnet.com,Female,75.29.165.5
605,Ariana,Ruselin,aruselings@elegantthemes.com,Female,141.121.226.214
606,Patrice,Neath,pneathgt@blog.com,Male,223.124.144.17
607,Aldis,Berwick,aberwickgu@sfgate.com,Male,62.113.86.236
608,Wally,Betje,wbetjegv@ucsd.edu,Male,217.144.25.149
609,Joella,Byres,jbyresgw@pbs.org,Female,15.7.106.91
610,Marven,Vero,mverogx@networksolutions.com,Male,81.145.92.212
611,Eulalie,Waterfall,ewaterfallgy@posterous.com,Female,201.252.115.73
612,Dru,Stammer,dstammergz@so-net.ne.jp,Female,249.88.153.24
613,Joshua,Vickery,jvickeryh0@plala.or.jp,Male,167.125.52.6
614,Eziechiele,Mariet,emarieth1@blinklist.com,Male,136.131.13.131
615,Clayborne,Rakestraw,crakestrawh2@issuu.com,Male,160.20.121.152
616,Cristen,Paulack,cpaulackh3@xinhuanet.com,Female,89.88.2.219
617,Gail,Urion,gurionh4@cbslocal.com,Genderfluid,119.109.145.217
618,Asa,Casbon,acasbonh5@etsy.com,Male,222.147.138.1
619,Loella,Merwede,lmerwedeh6@blogtalkradio.com,Female,229.216.17.72
620,Arley,Ligertwood,aligertwoodh7@1und1.de,Male,209.163.102.53
621,Rodina,McWhan,rmcwhanh8@tinypic.com,Female,170.26.160.221
622,Garrek,Holton,gholtonh9@berkeley.edu,Agender,63.251.228.113
623,Mathew,Tregaskis,mtregaskisha@soup.io,Male,246.73.181.7
624,Arney,Chazier,achazierhb@dailymotion.com,Male,134.189.136.244
625,Deane,Palluschek,dpalluschekhc@webmd.com,Male,177.213.133.251
626,Puff,Booker,pbookerhd@blog.com,Male,142.122.86.114
627,Allissa,Hubane,ahubanehe@mail.ru,Female,76.198.122.252
628,Lynde,Demann,ldemannhf@storify.com,Female,95.0.2.154
629,Cinda,Padgham,cpadghamhg@hp.com,Female,122.154.226.4
630,Alvy,Freyn,afreynhh@youtube.com,Male,15.0.51.161
631,Seward,Kitteringham,skitteringhamhi@usatoday.com,Male,242.2.193.229
632,Hewet,Dahmke,hdahmkehj@arstechnica.com,Male,195.142.237.228
633,Nathanil,aManger,namangerhk@ca.gov,Genderfluid,235.10.117.160
634,Brendin,Boddie,bboddiehl@godaddy.com,Male,120.130.142.149
635,Scottie,Jezzard,sjezzardhm@wordpress.com,Male,130.190.185.34
636,Siward,Minett,sminetthn@alexa.com,Male,238.236.135.10
637,Leroi,Arnli,larnliho@foxnews.com,Male,9.175.117.237
638,Mallorie,Kliemann,mkliemannhp@cpanel.net,Female,2.29.98.122
639,Thibaut,Stanex,tstanexhq@wiley.com,Genderfluid,174.36.185.43
640,Rolland,Calver,rcalverhr@usda.gov,Male,26.210.109.221
641,Renell,Shotboult,rshotboulths@hc360.com,Female,108.48.183.213
642,Hartley,Mars,hmarsht@instagram.com,Male,172.230.252.216
643,Louella,Backhurst,lbackhursthu@ocn.ne.jp,Female,14.49.245.112
644,Winslow,Ponting,wpontinghv@over-blog.com,Male,7.21.194.239
645,Melly,Hardisty,mhardistyhw@fema.gov,Female,121.134.231.196
646,Delilah,Stanman,dstanmanhx@cisco.com,Female,59.114.63.18
647,Marybelle,Thorneloe,mthorneloehy@prweb.com,Female,246.74.116.222
648,Blanch,Twelftree,btwelftreehz@sciencedirect.com,Female,7.223.39.169
649,Shayla,Marder,smarderi0@archive.org,Female,207.47.2.120
650,Thia,Tonepohl,ttonepohli1@imgur.com,Female,17.148.104.97
651,Willa,Gasnell,wgasnelli2@sina.com.cn,Female,20.228.43.209
652,Hilly,Kopec,hkopeci3@house.gov,Bigender,239.68.23.100
653,Melissa,Lepere,mleperei4@china.com.cn,Female,20.200.233.127
654,Lita,Pulham,lpulhami5@comcast.net,Female,189.241.95.217
655,Carrol,Arrighini,carrighinii6@scientificamerican.com,Male,241.121.63.103
656,Germain,Latore,glatorei7@jimdo.com,Genderqueer,145.65.18.87
657,Yankee,Anfonsi,yanfonsii8@ucsd.edu,Male,55.112.166.146
658,Alphonso,Pllu,apllui9@infoseek.co.jp,Male,73.231.80.51
659,Hilde,Esterbrook,hesterbrookia@apple.com,Female,189.9.71.182
660,Celle,Jollands,cjollandsib@networkadvertising.org,Female,246.161.87.206
661,Adele,Quernel,aquernelic@dailymail.co.uk,Female,151.123.205.74
662,Theadora,Brok,tbrokid@nps.gov,Female,32.209.227.166
663,Wallache,Seabrook,wseabrookie@admin.ch,Male,234.4.120.1
664,Yalonda,Simonnin,ysimonninif@time.com,Agender,44.66.209.51
665,Sonya,Crallan,scrallanig@free.fr,Female,12.84.136.102
666,Adel,Pickance,apickanceih@pinterest.com,Female,191.60.129.83
667,Sharia,Coleyshaw,scoleyshawii@latimes.com,Female,185.70.48.16
668,Carly,Benka,cbenkaij@webs.com,Agender,124.77.205.255
669,Ami,Bambery,abamberyik@foxnews.com,Female,149.174.36.27
670,Adara,Heselwood,aheselwoodil@usnews.com,Female,117.169.140.6
671,Nelle,Lethem,nlethemim@macromedia.com,Female,194.86.26.22
672,Ennis,Rape,erapein@mlb.com,Male,180.62.17.159
673,Pammie,Junkison,pjunkisonio@oakley.com,Female,186.12.214.13
674,Andee,Skentelbury,askentelburyip@mashable.com,Female,241.201.217.195
675,Percy,Couth,pcouthiq@cloudflare.com,Male,15.139.213.131
676,Kevon,Juliano,kjulianoir@smh.com.au,Male,230.183.78.199
677,Torrence,Leijs,tleijsis@ask.com,Male,9.246.34.109
678,Therine,Crossland,tcrosslandit@ed.gov,Female,33.109.48.166
679,Neila,Mattiacci,nmattiacciiu@istockphoto.com,Female,238.104.96.44
680,Donnell,Havis,dhavisiv@ucla.edu,Male,216.174.211.183
681,Naomi,Gowrie,ngowrieiw@topsy.com,Polygender,3.32.139.110
682,Kellyann,Lewnden,klewndenix@diigo.com,Female,88.160.161.151
683,Arni,Veschi,aveschiiy@hao123.com,Male,182.181.74.114
684,Abra,Shedd,asheddiz@people.com.cn,Genderfluid,48.96.160.107
685,Lucio,Pugsley,lpugsleyj0@joomla.org,Male,61.15.29.218
686,Trina,Iacopetti,tiacopettij1@msu.edu,Female,108.148.20.14
687,Isa,Yeardley,iyeardleyj2@histats.com,Non-binary,62.251.136.14
688,Correna,Fishpool,cfishpoolj3@reuters.com,Female,42.16.174.225
689,Sissy,Pilbeam,spilbeamj4@opensource.org,Female,128.201.59.36
690,Althea,Yacobsohn,ayacobsohnj5@army.mil,Female,123.4.223.58
691,Odille,Housley,ohousleyj6@deviantart.com,Female,254.143.234.128
692,Nettle,Scare,nscarej7@wsj.com,Female,45.12.220.134
693,Emmye,Zorzoni,ezorzonij8@xinhuanet.com,Female,172.151.245.64
694,Isacco,Scates,iscatesj9@vinaora.com,Genderfluid,143.74.246.63
695,Ortensia,Whittock,owhittockja@github.com,Female,218.170.214.5
696,Tera,Mourbey,tmourbeyjb@amazon.co.jp,Female,69.56.221.212
697,Zilvia,Treuge,ztreugejc@studiopress.com,Female,90.161.145.105
698,Bordy,Abramcik,babramcikjd@behance.net,Male,95.90.156.233
699,Franny,Yellop,fyellopje@xrea.com,Genderqueer,90.60.63.99
700,Derrik,Hannam,dhannamjf@sina.com.cn,Bigender,27.90.239.172
701,Cassondra,Trembey,ctrembeyjg@wordpress.com,Female,65.251.89.218
702,Essie,Passy,epassyjh@omniture.com,Female,97.66.204.20
703,Tobiah,Reinisch,treinischji@ovh.net,Male,196.50.179.49
704,Sileas,Carnaman,scarnamanjj@myspace.com,Non-binary,128.47.106.116
705,Albie,Strognell,astrognelljk@vistaprint.com,Male,27.96.226.161
706,Carolyn,Dyson,cdysonjl@ca.gov,Female,254.222.182.156
707,Jordain,Kalinowsky,jkalinowskyjm@state.tx.us,Female,116.55.146.76
708,Kerry,Wingham,kwinghamjn@newyorker.com,Male,147.32.243.29
709,Sunny,Younie,syouniejo@twitter.com,Male,217.225.183.26
710,Morganica,Geffcock,mgeffcockjp@canalblog.com,Female,249.176.0.124
711,Jayne,Moulsdall,jmoulsdalljq@fema.gov,Genderfluid,215.25.68.248
712,Tonya,Hooks,thooksjr@indiatimes.com,Female,187.84.210.206
713,Evelina,Dissman,edissmanjs@w3.org,Female,140.96.162.206
714,Luke,Premble,lpremblejt@homestead.com,Male,27.3.130.125
715,Christy,Ponsford,cponsfordju@icq.com,Male,75.67.112.237
716,Rozalie,Vella,rvellajv@gravatar.com,Female,83.68.251.241
717,Ignace,Lorenzetti,ilorenzettijw@ovh.net,Male,123.126.24.123
718,Else,Minerdo,eminerdojx@wsj.com,Female,182.14.32.111
719,Adolf,Luckie,aluckiejy@cam.ac.uk,Male,83.37.223.152
720,Alberto,Scammonden,ascammondenjz@rediff.com,Male,189.130.55.126
721,Ulla,Abeles,uabelesk0@howstuffworks.com,Female,126.27.57.255
722,Timothee,Varley,tvarleyk1@diigo.com,Male,140.209.20.107
723,Ariadne,St. John,astjohnk2@163.com,Female,5.160.89.185
724,Burt,Argabrite,bargabritek3@quantcast.com,Male,230.48.171.147
725,Kristofer,Kopelman,kkopelmank4@cisco.com,Male,42.60.146.157
726,Emilia,Rowatt,erowattk5@yahoo.com,Female,56.40.94.178
727,Kellsie,Brittlebank,kbrittlebankk6@angelfire.com,Female,70.246.18.31
728,Sidonia,Dyka,sdykak7@mysql.com,Female,117.23.227.244
729,Renata,Sullly,rsulllyk8@fda.gov,Female,220.253.89.251
730,Nicol,Fancourt,nfancourtk9@yahoo.com,Male,155.145.159.252
731,Abigail,Housden,ahousdenka@xinhuanet.com,Female,146.110.83.150
732,Ruttger,Station,rstationkb@army.mil,Male,90.146.164.89
733,Chryste,Caldecott,ccaldecottkc@scientificamerican.com,Female,71.99.176.50
734,Beverlee,Iacopo,biacopokd@reverbnation.com,Non-binary,111.118.252.77
735,Ahmed,Goranov,agoranovke@netscape.com,Male,22.21.71.63
736,Gaspard,Edwardson,gedwardsonkf@de.vu,Male,9.46.243.84
737,Jacqui,Turfitt,jturfittkg@timesonline.co.uk,Female,55.171.199.110
738,Grete,Maddams,gmaddamskh@irs.gov,Female,50.146.33.170
739,Alexio,Fasey,afaseyki@etsy.com,Male,32.25.68.232
740,Brooke,O'Dulchonta,bodulchontakj@unc.edu,Female,217.20.137.116
741,Madelon,Marjanovic,mmarjanovickk@people.com.cn,Female,237.46.160.157
742,Saunder,Sheard,ssheardkl@weebly.com,Male,143.71.51.185
743,Hope,Woolforde,hwoolfordekm@nymag.com,Female,73.187.226.185
744,Fancie,Vivyan,fvivyankn@thetimes.co.uk,Female,15.89.25.98
745,Vaughan,Chantler,vchantlerko@istockphoto.com,Male,63.34.106.215
746,Wernher,Gandy,wgandykp@oakley.com,Male,238.201.217.51
747,Justino,Hawtrey,jhawtreykq@jiathis.com,Male,77.104.243.167
748,Ludovico,Mathes,lmatheskr@businesswire.com,Male,249.201.162.83
749,Hanna,Barkworth,hbarkworthks@admin.ch,Female,240.128.86.122
750,Elissa,Foch,efochkt@senate.gov,Female,119.23.46.149
751,Maud,Imlach,mimlachku@com.com,Female,156.244.151.99
752,Torrance,Siveter,tsiveterkv@umich.edu,Male,24.198.139.72
753,Torre,Hassin,thassinkw@freewebs.com,Male,197.76.110.9
754,Goddart,Fyldes,gfyldeskx@google.es,Male,155.150.226.106
755,Jeth,Fihelly,jfihellyky@mac.com,Male,15.97.145.152
756,Rolando,Cardoso,rcardosokz@go.com,Male,165.252.14.101
757,Merrilee,Glave,mglavel0@diigo.com,Female,218.70.133.153
758,Leslie,Ebdin,lebdinl1@hc360.com,Female,240.144.255.210
759,Adina,Haylett,ahaylettl2@linkedin.com,Female,205.25.96.47
760,Linc,Kleen,lkleenl3@so-net.ne.jp,Male,41.127.8.4
761,Gonzalo,Water,gwaterl4@bing.com,Male,94.172.47.215
762,Christoforo,Jurzyk,cjurzykl5@webmd.com,Male,207.32.207.153
763,Elysee,McLarty,emclartyl6@indiatimes.com,Female,206.95.157.108
764,Gifford,Crammy,gcrammyl7@nationalgeographic.com,Male,113.46.227.132
765,Cindi,Campbell-Dunlop,ccampbelldunlopl8@bizjournals.com,Female,162.103.120.140
766,Westbrooke,Lount,wlountl9@wordpress.org,Male,61.248.1.148
767,Constantine,Bellenie,cbelleniela@goo.ne.jp,Male,41.208.130.74
768,Bryn,Spieck,bspiecklb@wikimedia.org,Agender,175.52.233.249
769,Jaynell,Hilley,jhilleylc@hatena.ne.jp,Female,181.225.125.243
770,Laura,Bareham,lbarehamld@oracle.com,Female,124.193.84.140
771,Corabel,Kerby,ckerbyle@engadget.com,Female,106.16.175.229
772,Gilbertine,Flecknoe,gflecknoelf@1688.com,Female,0.67.85.216
773,Leisha,Colloby,lcollobylg@ibm.com,Polygender,190.84.201.173
774,Giorgio,Pescod,gpescodlh@gizmodo.com,Genderfluid,121.210.37.226
775,El,Kirkam,ekirkamli@instagram.com,Male,161.158.161.39
776,Archie,Darwen,adarwenlj@whitehouse.gov,Male,171.51.121.127
777,Hagan,Shackelton,hshackeltonlk@sogou.com,Male,189.237.67.218
778,Gavin,Kinlock,gkinlockll@tinypic.com,Male,178.127.217.102
779,Carey,Lefever,clefeverlm@disqus.com,Female,245.141.219.100
780,Glyn,Tew,gtewln@qq.com,Male,111.68.233.164
781,Paige,Spoward,pspowardlo@skyrock.com,Male,233.168.195.116
782,Egbert,O'Moylan,eomoylanlp@com.com,Male,43.90.124.206
783,Penrod,Coutthart,pcoutthartlq@tinypic.com,Male,197.93.192.185
784,Fonsie,Larkby,flarkbylr@purevolume.com,Male,235.181.77.152
785,Nonie,Hullett,nhullettls@tumblr.com,Female,128.252.156.22
786,Andrea,Mapledorum,amapledorumlt@so-net.ne.jp,Male,7.79.3.36
787,Melisande,Slocombe,mslocombelu@prweb.com,Female,187.16.46.87
788,Ryan,Fear,rfearlv@ebay.co.uk,Male,146.105.32.133
789,Burtie,Slot,bslotlw@purevolume.com,Male,195.83.192.252
790,Allegra,Abarough,aabaroughlx@princeton.edu,Female,167.70.54.249
791,Gordan,Keefe,gkeefely@jimdo.com,Male,150.193.238.38
792,Robinetta,Annetts,rannettslz@fastcompany.com,Female,200.120.49.11
793,Jamil,Edelmann,jedelmannm0@hatena.ne.jp,Male,245.138.246.227
794,Angelina,Seywood,aseywoodm1@cocolog-nifty.com,Female,179.182.6.5
795,Daniella,Neathway,dneathwaym2@dmoz.org,Female,174.240.95.168
796,Melvin,Pring,mpringm3@rediff.com,Male,173.72.226.210
797,Risa,Danev,rdanevm4@paginegialle.it,Female,126.55.78.51
798,Ax,Scamwell,ascamwellm5@technorati.com,Male,75.28.72.73
799,Silvanus,Keay,skeaym6@unicef.org,Bigender,238.68.245.186
800,Petra,Cunnah,pcunnahm7@taobao.com,Female,45.242.155.9
801,Mirabel,Fidell,mfidellm8@hc360.com,Female,247.10.42.203
802,Griffie,Fischer,gfischerm9@constantcontact.com,Male,170.152.57.162
803,Ebeneser,Pooly,epoolyma@yellowpages.com,Male,79.171.9.143
804,Siegfried,Lemin,sleminmb@friendfeed.com,Male,6.64.250.71
805,Dominic,Rogers,drogersmc@acquirethisname.com,Male,73.155.165.250
806,Ram,Gerger,rgergermd@hibu.com,Male,250.81.59.187
807,Joelle,Jensen,jjensenme@huffingtonpost.com,Female,245.112.88.45
808,Ellwood,Scoular,escoularmf@goo.gl,Male,159.164.153.27
809,Bobby,Branton,bbrantonmg@nih.gov,Female,77.99.91.145
810,Nester,Ugolini,nugolinimh@nyu.edu,Male,48.246.136.85
811,Damian,Wigan,dwiganmi@time.com,Male,37.187.163.234
812,Othilia,Talby,otalbymj@instagram.com,Female,225.40.254.57
813,Ainslie,Rummery,arummerymk@xing.com,Female,26.82.157.142
814,Tommie,Dougliss,tdouglissml@exblog.jp,Bigender,174.103.110.220
815,Chaddy,Ambrozewicz,cambrozewiczmm@senate.gov,Male,26.23.128.234
816,Neila,Breheny,nbrehenymn@reuters.com,Female,226.198.28.204
817,Bill,Van Merwe,bvanmerwemo@illinois.edu,Male,157.194.117.68
818,Cori,Feldklein,cfeldkleinmp@wufoo.com,Male,205.14.90.211
819,Eachelle,Cosgrove,ecosgrovemq@mozilla.com,Female,17.34.231.64
820,Demetris,Frow,dfrowmr@posterous.com,Male,246.126.225.29
821,Barbabas,Grigolon,bgrigolonms@github.com,Male,189.142.211.71
822,Myra,Kirgan,mkirganmt@1688.com,Female,71.244.201.233
823,Franciska,Cantua,fcantuamu@aboutads.info,Non-binary,102.222.185.0
824,Evvie,Adam,eadammv@globo.com,Female,233.103.248.222
825,Dorene,Gland,dglandmw@dailymotion.com,Female,37.3.0.104
826,Odele,Hedger,ohedgermx@shop-pro.jp,Female,178.6.204.85
827,Abeu,Witherbed,awitherbedmy@hc360.com,Male,120.94.186.135
828,Modestine,O'Currigan,mocurriganmz@fotki.com,Female,11.65.122.137
829,Karee,Cosley,kcosleyn0@hubpages.com,Female,124.160.217.76
830,Joann,Davet,jdavetn1@reddit.com,Female,119.57.233.0
831,Land,McDyer,lmcdyern2@myspace.com,Male,213.248.61.104
832,Howie,Madgewick,hmadgewickn3@wired.com,Male,208.75.189.157
833,Kale,Grayson,kgraysonn4@parallels.com,Male,176.12.156.16
834,Johannes,Grimsley,jgrimsleyn5@unc.edu,Male,134.66.40.239
835,Trumaine,Offin,toffinn6@pen.io,Male,165.60.51.126
836,Letisha,Lewton,llewtonn7@sfgate.com,Female,27.92.31.130
837,Don,Girodin,dgirodinn8@printfriendly.com,Male,18.103.156.151
838,Wilt,Waslin,wwaslinn9@cdbaby.com,Male,90.206.215.126
839,Ingaberg,Cranmore,icranmorena@chron.com,Female,44.110.116.241
840,Marcelia,Hatchett,mhatchettnb@de.vu,Female,81.13.224.63
841,Sherline,Patmore,spatmorenc@dailymail.co.uk,Female,45.88.26.24
842,Mortie,MacKenney,mmackenneynd@usatoday.com,Male,99.206.210.27
843,Felicdad,Fazakerley,ffazakerleyne@list-manage.com,Female,53.236.17.138
844,Albert,Lantry,alantrynf@theguardian.com,Male,40.131.243.14
845,Syd,Groundwator,sgroundwatorng@smugmug.com,Male,147.150.7.37
846,Alexis,McFee,amcfeenh@ezinearticles.com,Male,171.106.112.5
847,Opalina,Girardetti,ogirardettini@sourceforge.net,Female,42.67.149.184
848,Itch,Hovington,ihovingtonnj@163.com,Male,133.225.177.68
849,Emogene,Kierans,ekieransnk@alibaba.com,Female,145.11.173.13
850,Gretna,Cobbledick,gcobbledicknl@wordpress.org,Female,181.84.230.104
851,Liza,Furze,lfurzenm@howstuffworks.com,Female,93.73.51.5
852,Skipper,Ripper,srippernn@virginia.edu,Male,226.67.147.187
853,May,Jeffryes,mjeffryesno@csmonitor.com,Female,106.24.163.224
854,Ephrem,Rookeby,erookebynp@elegantthemes.com,Male,179.169.237.84
855,Reidar,Corsar,rcorsarnq@walmart.com,Male,98.134.104.145
856,Shaughn,Klehyn,sklehynnr@apple.com,Male,125.12.17.69
857,Ambrose,Gadsden,agadsdenns@ning.com,Male,95.33.95.122
858,Latashia,Fawke,lfawkent@techcrunch.com,Female,30.205.90.175
859,Tommy,Billam,tbillamnu@npr.org,Female,188.115.192.41
860,Lyle,Mibourne,lmibournenv@samsung.com,Male,20.234.17.113
861,Hamel,Thorogood,hthorogoodnw@ucoz.com,Male,225.202.57.113
862,Davidson,Rubie,drubienx@vinaora.com,Male,11.39.56.254
863,Coleman,Kemell,ckemellny@ucla.edu,Male,9.102.247.9
864,Raina,Steade,rsteadenz@ning.com,Female,226.36.80.215
865,Johnny,Spuffard,jspuffardo0@cnn.com,Male,130.34.137.108
866,Morten,Doonican,mdoonicano1@xrea.com,Male,124.235.46.7
867,Tilda,Ickeringill,tickeringillo2@ebay.co.uk,Female,208.217.58.56
868,Virginie,Opdenort,vopdenorto3@histats.com,Female,159.82.189.187
869,Lorenza,Lerwill,llerwillo4@chron.com,Female,205.239.9.77
870,Jammal,Randerson,jrandersono5@scribd.com,Male,121.58.254.64
871,Russell,Albarez,ralbarezo6@quantcast.com,Male,242.44.210.234
872,Dyan,Worsfold,dworsfoldo7@csmonitor.com,Female,230.73.61.208
873,Martyn,Cohan,mcohano8@yandex.ru,Male,168.128.52.66
874,Tory,Tingcomb,ttingcombo9@thetimes.co.uk,Female,139.213.65.136
875,Karisa,Scurman,kscurmanoa@ifeng.com,Female,72.98.183.153
876,Maitilde,Henner,mhennerob@npr.org,Female,37.94.124.120
877,Ky,Brundell,kbrundelloc@google.it,Male,246.204.156.183
878,Iosep,Dodsley,idodsleyod@state.tx.us,Male,86.204.158.231
879,Howard,Raccio,hracciooe@twitpic.com,Genderfluid,104.1.202.184
880,Engelbert,Spittle,espittleof@earthlink.net,Male,19.101.46.15
881,Spense,Lemmon,slemmonog@wired.com,Male,59.14.161.92
882,Cassy,Doelle,cdoelleoh@wp.com,Female,171.220.197.92
883,Bernardine,Birrel,bbirreloi@pbs.org,Female,223.31.151.46
884,Lynelle,O'Sherin,losherinoj@squidoo.com,Female,247.185.77.61
885,Anabel,Jervis,ajervisok@google.fr,Female,97.244.116.177
886,Griffin,Feore,gfeoreol@mayoclinic.com,Male,130.245.67.243
887,Piggy,McCorrie,pmccorrieom@fda.gov,Male,1.123.217.143
888,Rafaello,Odcroft,rodcrofton@china.com.cn,Male,139.107.184.61
889,Enrichetta,Treweela,etreweelaoo@java.com,Female,47.136.30.124
890,Adina,Bartelet,abarteletop@yellowpages.com,Female,231.203.212.210
891,Anastasia,Sondland,asondlandoq@ning.com,Female,55.253.46.38
892,Jamey,McCurry,jmccurryor@networkadvertising.org,Male,124.129.92.76
893,Atlanta,Ivakhin,aivakhinos@theguardian.com,Female,76.120.11.82
894,Raynell,Krolle,rkrolleot@goodreads.com,Female,222.226.174.252
895,Hinda,Lilbourne,hlilbourneou@statcounter.com,Genderfluid,159.101.245.112
896,Glori,Jacobowicz,gjacobowiczov@shop-pro.jp,Female,60.251.175.203
897,Edy,Prescote,eprescoteow@360.cn,Genderqueer,26.55.95.191
898,Dorine,Osbidston,dosbidstonox@about.me,Female,127.70.58.42
899,Cornela,Foxcroft,cfoxcroftoy@friendfeed.com,Female,44.172.117.201
900,Gabriellia,Kynastone,gkynastoneoz@economist.com,Polygender,9.139.252.40
901,Rabbi,Goodband,rgoodbandp0@mashable.com,Bigender,9.126.162.44
902,Mallory,Gersam,mgersamp1@homestead.com,Male,34.64.255.193
903,Gene,Whooley,gwhooleyp2@nytimes.com,Male,152.41.113.18
904,Barton,Van Brug,bvanbrugp3@ca.gov,Male,186.99.19.155
905,Dominic,Lucius,dluciusp4@archive.org,Male,192.81.133.90
906,Lucretia,Oxlade,loxladep5@ox.ac.uk,Female,215.177.124.37
907,Sky,Trood,stroodp6@apache.org,Male,26.155.149.3
908,Carrissa,Collingridge,ccollingridgep7@gizmodo.com,Female,66.203.190.58
909,Carlotta,Plampin,cplampinp8@sourceforge.net,Female,104.212.89.153
910,Franklin,Dowrey,fdowreyp9@lulu.com,Male,219.192.104.132
911,Kristien,Gerin,kgerinpa@mtv.com,Female,251.110.195.203
912,Netti,Rolles,nrollespb@cnbc.com,Female,3.1.23.72
913,Waite,McIllrick,wmcillrickpc@live.com,Bigender,233.166.38.84
914,Waylon,Extil,wextilpd@time.com,Male,43.194.21.38
915,Sorcha,Bolderstone,sbolderstonepe@illinois.edu,Female,110.80.76.29
916,Zachary,Flynn,zflynnpf@google.com.au,Male,226.185.245.243
917,Fields,McGrotty,fmcgrottypg@sakura.ne.jp,Genderfluid,155.11.172.141
918,Oates,Melledy,omelledyph@sina.com.cn,Male,193.214.153.175
919,Roddy,Vaar,rvaarpi@ibm.com,Male,127.217.239.49
920,Silas,Sharpus,ssharpuspj@google.com.br,Male,133.227.74.177
921,Robbie,Bahlmann,rbahlmannpk@baidu.com,Male,170.236.202.61
922,Joycelin,Fone,jfonepl@businessinsider.com,Female,18.92.156.5
923,Ricardo,Muslim,rmuslimpm@deviantart.com,Male,107.132.1.25
924,Gertruda,Bucknell,gbucknellpn@amazonaws.com,Female,42.199.122.88
925,Clemmy,Dallinder,cdallinderpo@deviantart.com,Bigender,111.60.196.151
926,Liuka,Hagley,lhagleypp@xrea.com,Female,186.48.79.90
927,Jammal,Rodgier,jrodgierpq@ft.com,Male,80.205.56.29
928,Art,Summerson,asummersonpr@state.tx.us,Male,5.95.189.0
929,Ania,Summerside,asummersideps@example.com,Genderqueer,251.133.44.99
930,Myrtice,Bister,mbisterpt@weebly.com,Female,69.168.149.127
931,Bruis,Caffrey,bcaffreypu@si.edu,Male,243.149.236.197
932,Thomas,Cersey,tcerseypv@usnews.com,Male,112.243.71.64
933,Boot,Bowling,bbowlingpw@walmart.com,Genderqueer,157.59.173.193
934,Sanford,Danilevich,sdanilevichpx@diigo.com,Male,18.37.13.220
935,Constantin,Jayne,cjaynepy@archive.org,Genderfluid,204.171.255.32
936,Bryana,Walsham,bwalshampz@furl.net,Female,178.54.219.147
937,Westbrook,Andor,wandorq0@chronoengine.com,Male,81.91.111.34
938,Bobine,McArt,bmcartq1@foxnews.com,Female,0.36.212.205
939,Bernadene,Flukes,bflukesq2@businessweek.com,Female,201.15.172.220
940,Leesa,Ogden,logdenq3@archive.org,Female,217.224.51.33
941,Shurwood,Costelow,scostelowq4@arizona.edu,Male,162.65.48.147
942,Eimile,Crewdson,ecrewdsonq5@typepad.com,Non-binary,115.174.168.11
943,Beverlee,Gwilt,bgwiltq6@seesaa.net,Female,219.49.245.59
944,Murvyn,Tredinnick,mtredinnickq7@google.pl,Male,204.126.168.159
945,Buddy,Punyer,bpunyerq8@va.gov,Male,188.54.99.30
946,Stacie,Lawles,slawlesq9@google.com.hk,Female,138.239.146.120
947,Tabbi,Broadfield,tbroadfieldqa@google.nl,Female,14.12.35.247
948,Maurice,Corton,mcortonqb@ameblo.jp,Male,248.107.5.146
949,Dyna,Phippen,dphippenqc@engadget.com,Non-binary,124.203.64.247
950,Nat,Howsley,nhowsleyqd@hc360.com,Genderqueer,0.181.199.129
951,Ilario,Ferres,iferresqe@ibm.com,Male,250.28.12.125
952,Alexia,Asson,aassonqf@goo.gl,Female,139.141.112.170
953,Glynn,Kendell,gkendellqg@soundcloud.com,Male,170.81.83.216
954,Salvidor,Pabel,spabelqh@cornell.edu,Male,39.65.73.7
955,Court,Grindlay,cgrindlayqi@sourceforge.net,Male,253.85.122.254
956,Berti,Currin,bcurrinqj@soundcloud.com,Female,198.57.37.16
957,Aileen,Henbury,ahenburyqk@salon.com,Female,206.159.113.99
958,Redford,Dewi,rdewiql@printfriendly.com,Male,13.36.242.252
959,Glenn,Volet,gvoletqm@fema.gov,Male,2.252.219.93
960,Tomasine,Kinny,tkinnyqn@intel.com,Female,181.178.182.117
961,Margo,Trollope,mtrollopeqo@go.com,Female,75.156.209.213
962,Eugenie,Onge,eongeqp@google.nl,Female,100.173.24.185
963,Granger,Novkovic,gnovkovicqq@fema.gov,Male,196.111.118.144
964,Erroll,Symmers,esymmersqr@va.gov,Male,83.59.238.115
965,Josiah,Thraves,jthravesqs@paypal.com,Male,220.130.37.1
966,Dane,Kingsland,dkingslandqt@opera.com,Male,86.89.139.103
967,Darius,Gasnell,dgasnellqu@answers.com,Male,65.114.106.145
968,Sidney,Brittoner,sbrittonerqv@google.nl,Male,200.94.87.216
969,Danny,Baterip,dbateripqw@blogtalkradio.com,Male,45.58.17.228
970,Marketa,Haggerwood,mhaggerwoodqx@1und1.de,Female,161.212.146.21
971,Cordelie,Ruprechter,cruprechterqy@theglobeandmail.com,Female,125.255.202.59
972,Marieann,Duchart,mduchartqz@sohu.com,Female,211.193.89.157
973,Norri,Macvey,nmacveyr0@amazon.de,Female,51.26.110.36
974,Sabrina,Trever,streverr1@jimdo.com,Female,68.82.114.103
975,Alika,Pothbury,apothburyr2@cloudflare.com,Female,238.35.206.85
976,Barton,Skelly,bskellyr3@narod.ru,Male,5.185.72.207
977,Patrizio,Geany,pgeanyr4@gmpg.org,Male,232.14.84.49
978,Felicia,Dent,fdentr5@freewebs.com,Female,77.251.17.40
979,Ripley,Timoney,rtimoneyr6@altervista.org,Male,118.208.211.227
980,Katinka,Krzysztofiak,kkrzysztofiakr7@salon.com,Genderqueer,97.194.245.10
981,Quintus,Dolohunty,qdolohuntyr8@blogs.com,Male,201.126.80.123
982,Amy,Klimentyonok,aklimentyonokr9@hud.gov,Genderqueer,235.114.140.98
983,Greer,Ollier,gollierra@ucsd.edu,Female,222.242.113.80
984,Olympie,Leffek,oleffekrb@skyrock.com,Female,82.75.138.166
985,Micky,Wallis,mwallisrc@amazon.com,Male,78.118.127.95
986,Byron,Marston,bmarstonrd@myspace.com,Male,198.118.195.54
987,Berti,Hutchins,bhutchinsre@sun.com,Non-binary,130.201.243.67
988,Camala,McMurty,cmcmurtyrf@yolasite.com,Female,46.171.226.51
989,Hersch,Goldhawk,hgoldhawkrg@nps.gov,Male,173.45.173.54
990,Brigitte,Laite,blaiterh@ucoz.ru,Female,236.170.30.138
991,Euell,Tuson,etusonri@jalbum.net,Male,14.235.32.88
992,Clare,Hardman,chardmanrj@epa.gov,Female,6.50.48.112
993,Kati,Jobson,kjobsonrk@webs.com,Female,54.196.37.175
994,Donovan,Fourman,dfourmanrl@army.mil,Male,120.191.231.150
995,Charlean,Bente,cbenterm@mozilla.org,Female,245.154.32.76
996,Juieta,Heald,jhealdrn@xing.com,Female,172.59.7.160
997,Filbert,Brann,fbrannro@cnn.com,Male,100.221.212.62
998,Berta,Broomfield,bbroomfieldrp@people.com.cn,Female,220.107.119.243
999,Kyle,Amoss,kamossrq@ucoz.ru,Female,26.246.98.103
1000,Merrill,Kick,mkickrr@lycos.com,Female,1.205.126.111
